run_id,completed,predicates,total_clusters,avg_cluster_size,biggest_cluster_size,biggest_cluster,total_donors,donor_type,total_run_time,donor_cluster_ratio,settings_file
12,53:12.5,"(PartialPredicate: (sameThreeCharStartPredicate, name, CorporationName), SimplePredicate: (commonSixGram, name)) (LevenshteinCanopyPredicate: (1, zip), SimplePredicate: (alphaNumericPredicate, name)) (PartialIndexTfidfNGramCanopyPredicate: (0.2, name, Surname), SimplePredicate: (sortedAcronym, name)) (SimplePredicate: (commonFourGram, name), SimplePredicate: (firstIntegerPredicate, name)) (LevenshteinCanopyPredicate: (1, name), TfidfNGramCanopyPredicate: (0.8, name)) (PartialPredicate: (suffixArray, city, StreetName), SimplePredicate: (twoGramFingerprint, name))",17962,4.601102327,378,fi-pac new york state food inductry pac:522532,129832,CORP,4506.904356,7.228148313,dedupe_extension/settings_CORP_ext_4
11,38:05.6,"(SimplePredicate: (commonSixGram, name), SimplePredicate: (metaphoneToken, city)) (PartialPredicate: (commonThreeTokens, name, CorporationName), SimplePredicate: (sortedAcronym, name)) (SimplePredicate: (firstIntegerPredicate, name), SimplePredicate: (tokenFieldPredicate, state)) (PartialIndexTfidfTextCanopyPredicate: (0.6, name, Surname), TfidfTextCanopyPredicate: (0.8, name)) (PartialIndexLevenshteinCanopyPredicate: (1, name, Surname), PartialPredicate: (commonSixGram, name, Surname)) (SimplePredicate: (commonIntegerPredicate, street), TfidfNGramCanopyPredicate: (0.8, name)) (SimplePredicate: (fingerprint, name), SimplePredicate: (nearIntegersPredicate, name)) (SimplePredicate: (fingerprint, name), TfidfNGramCanopyPredicate: (0.6, street)) (PartialIndexTfidfNGramCanopyPredicate: (0.6, name, CorporationName), TfidfNGramCanopyPredicate: (0.6, name))",20273,4.274059093,321,unitemized unitemized:483507,129832,CORP,6883.254652,6.404182903,dedupe_extension/settings_CORP_ext_3
274,47:37.3,"(SimplePredicate: (commonSixGram, name), SimplePredicate: (sameThreeCharStartPredicate, name)) (PartialIndexLevenshteinCanopyPredicate: (3, name, CorporationName), SimplePredicate: (alphaNumericPredicate, name)) (PartialPredicate: (alphaNumericPredicate, name, CorporationName), TfidfTextCanopyPredicate: (0.6, street)) (SimplePredicate: (commonThreeTokens, city), SimplePredicate: (hundredIntegersOddPredicate, name)) (SimplePredicate: (fingerprint, street), TfidfNGramCanopyPredicate: (0.6, name)) (TfidfNGramCanopyPredicate: (0.8, street), TfidfTextCanopyPredicate: (0.6, name)) (SimplePredicate: (firstIntegerPredicate, name), SimplePredicate: (firstIntegerPredicate, street)) (PartialIndexTfidfTextCanopyPredicate: (0.4, name, CorporationName), TfidfNGramCanopyPredicate: (0.8, street)) (PartialIndexLevenshteinCanopyPredicate: (2, name, CorporationName), TfidfNGramCanopyPredicate: (0.8, name))",18664,4.749892842,739,nys assoc of re nys assoc of realtors:483404,129832,CORP,5297.108303,6.956279468,dedupe_extension/settings_CORP_ext_2
273,19:20.1,"(SimplePredicate: (commonFourGram, name), SimplePredicate: (sameSevenCharStartPredicate, name)) (SimplePredicate: (alphaNumericPredicate, name), SimplePredicate: (commonTwoTokens, city)) (SimplePredicate: (commonIntegerPredicate, name), TfidfNGramCanopyPredicate: (0.2, name)) (SimplePredicate: (suffixArray, name), SimplePredicate: (wholeFieldPredicate, street)) (SimplePredicate: (firstIntegerPredicate, name), TfidfNGramCanopyPredicate: (0.2, street)) (SimplePredicate: (wholeFieldPredicate, street), TfidfNGramCanopyPredicate: (0.6, name))",19452,4.552282542,359,unitemized unitemized:483507,129832,CORP,5952.577893,6.674480773,dedupe_extension/settings_CORP_ext_1
272,40:07.3,"(PartialIndexLevenshteinCanopyPredicate: (3, city, StreetName), SimplePredicate: (sameSevenCharStartPredicate, name)) (SimplePredicate: (alphaNumericPredicate, name), SimplePredicate: (sameSevenCharStartPredicate, street)) (PartialIndexTfidfNGramCanopyPredicate: (0.6, name, CorporationName), SimplePredicate: (commonIntegerPredicate, name)) (PartialPredicate: (sameSevenCharStartPredicate, city, StreetName), SimplePredicate: (sortedAcronym, name)) (SimplePredicate: (suffixArray, name), TfidfNGramCanopyPredicate: (0.6, street)) (SimplePredicate: (wholeFieldPredicate, street), TfidfTextCanopyPredicate: (0.8, name))",19277,4.418633605,201,new york baners - pac:564944,129832,CORP,4592.359818,6.735072885,dedupe_extension/settings_CORP_ext_0
271,21:41.6,"(PartialPredicate: (sameThreeCharStartPredicate, name, CorporationName), SimplePredicate: (commonSixGram, name)) (LevenshteinCanopyPredicate: (1, zip), SimplePredicate: (alphaNumericPredicate, name)) (PartialIndexTfidfNGramCanopyPredicate: (0.2, name, Surname), SimplePredicate: (sortedAcronym, name)) (SimplePredicate: (commonFourGram, name), SimplePredicate: (firstIntegerPredicate, name)) (LevenshteinCanopyPredicate: (1, name), TfidfNGramCanopyPredicate: (0.8, name)) (PartialPredicate: (suffixArray, city, StreetName), SimplePredicate: (twoGramFingerprint, name))",14806,4.440902337,262,unitemized unitemized:404309,106745,CORP,1607.190082,7.209577198,dedupe_extension/settings_CORP_ext_4
270,54:54.1,"(SimplePredicate: (commonSixGram, name), SimplePredicate: (metaphoneToken, city)) (PartialPredicate: (commonThreeTokens, name, CorporationName), SimplePredicate: (sortedAcronym, name)) (SimplePredicate: (firstIntegerPredicate, name), SimplePredicate: (tokenFieldPredicate, state)) (PartialIndexTfidfTextCanopyPredicate: (0.6, name, Surname), TfidfTextCanopyPredicate: (0.8, name)) (PartialIndexLevenshteinCanopyPredicate: (1, name, Surname), PartialPredicate: (commonSixGram, name, Surname)) (SimplePredicate: (commonIntegerPredicate, street), TfidfNGramCanopyPredicate: (0.8, name)) (SimplePredicate: (fingerprint, name), SimplePredicate: (nearIntegersPredicate, name)) (SimplePredicate: (fingerprint, name), TfidfNGramCanopyPredicate: (0.6, street)) (PartialIndexTfidfNGramCanopyPredicate: (0.6, name, CorporationName), TfidfNGramCanopyPredicate: (0.6, name))",16757,4.184340872,359,fi-pac (nys food ind. pac):436034,106745,CORP,3568.37669,6.370173659,dedupe_extension/settings_CORP_ext_3
269,55:25.7,"(SimplePredicate: (commonSixGram, name), SimplePredicate: (sameThreeCharStartPredicate, name)) (PartialIndexLevenshteinCanopyPredicate: (3, name, CorporationName), SimplePredicate: (alphaNumericPredicate, name)) (PartialPredicate: (alphaNumericPredicate, name, CorporationName), TfidfTextCanopyPredicate: (0.6, street)) (SimplePredicate: (commonThreeTokens, city), SimplePredicate: (hundredIntegersOddPredicate, name)) (SimplePredicate: (fingerprint, street), TfidfNGramCanopyPredicate: (0.6, name)) (TfidfNGramCanopyPredicate: (0.8, street), TfidfTextCanopyPredicate: (0.6, name)) (SimplePredicate: (firstIntegerPredicate, name), SimplePredicate: (firstIntegerPredicate, street)) (PartialIndexTfidfTextCanopyPredicate: (0.4, name, CorporationName), TfidfNGramCanopyPredicate: (0.8, street)) (PartialIndexLevenshteinCanopyPredicate: (2, name, CorporationName), TfidfNGramCanopyPredicate: (0.8, name))",15341,4.62238446,332,unitemized unitemized:404309,106745,CORP,3474.059295,6.958151359,dedupe_extension/settings_CORP_ext_2
268,57:30.7,"(SimplePredicate: (commonFourGram, name), SimplePredicate: (sameSevenCharStartPredicate, name)) (SimplePredicate: (alphaNumericPredicate, name), SimplePredicate: (commonTwoTokens, city)) (SimplePredicate: (commonIntegerPredicate, name), TfidfNGramCanopyPredicate: (0.2, name)) (SimplePredicate: (suffixArray, name), SimplePredicate: (wholeFieldPredicate, street)) (SimplePredicate: (firstIntegerPredicate, name), TfidfNGramCanopyPredicate: (0.2, street)) (SimplePredicate: (wholeFieldPredicate, street), TfidfNGramCanopyPredicate: (0.6, name))",15788,4.526095769,1018,n.y.s. automatic vending assn. pac:469670,106745,CORP,4661.945095,6.761147707,dedupe_extension/settings_CORP_ext_1
267,39:48.5,"(PartialIndexLevenshteinCanopyPredicate: (3, city, StreetName), SimplePredicate: (sameSevenCharStartPredicate, name)) (SimplePredicate: (alphaNumericPredicate, name), SimplePredicate: (sameSevenCharStartPredicate, street)) (PartialIndexTfidfNGramCanopyPredicate: (0.6, name, CorporationName), SimplePredicate: (commonIntegerPredicate, name)) (PartialPredicate: (sameSevenCharStartPredicate, city, StreetName), SimplePredicate: (sortedAcronym, name)) (SimplePredicate: (suffixArray, name), TfidfNGramCanopyPredicate: (0.6, street)) (SimplePredicate: (wholeFieldPredicate, street), TfidfTextCanopyPredicate: (0.8, name))",15719,4.402633755,291,new york  professional fire fighters.:471260,106745,CORP,4636.762549,6.790826388,dedupe_extension/settings_CORP_ext_0
266,21:03.6,"(PartialPredicate: (sameThreeCharStartPredicate, name, CorporationName), SimplePredicate: (commonSixGram, name)) (LevenshteinCanopyPredicate: (1, zip), SimplePredicate: (alphaNumericPredicate, name)) (PartialIndexTfidfNGramCanopyPredicate: (0.2, name, Surname), SimplePredicate: (sortedAcronym, name)) (SimplePredicate: (commonFourGram, name), SimplePredicate: (firstIntegerPredicate, name)) (LevenshteinCanopyPredicate: (1, name), TfidfNGramCanopyPredicate: (0.8, name)) (PartialPredicate: (suffixArray, city, StreetName), SimplePredicate: (twoGramFingerprint, name))",11500,4.242782609,205,unitemized:396629,82661,CORP,911.1073191,7.187913043,dedupe_extension/settings_CORP_ext_4
265,05:52.2,"(SimplePredicate: (commonSixGram, name), SimplePredicate: (metaphoneToken, city)) (PartialPredicate: (commonThreeTokens, name, CorporationName), SimplePredicate: (sortedAcronym, name)) (SimplePredicate: (firstIntegerPredicate, name), SimplePredicate: (tokenFieldPredicate, state)) (PartialIndexTfidfTextCanopyPredicate: (0.6, name, Surname), TfidfTextCanopyPredicate: (0.8, name)) (PartialIndexLevenshteinCanopyPredicate: (1, name, Surname), PartialPredicate: (commonSixGram, name, Surname)) (SimplePredicate: (commonIntegerPredicate, street), TfidfNGramCanopyPredicate: (0.8, name)) (SimplePredicate: (fingerprint, name), SimplePredicate: (nearIntegersPredicate, name)) (SimplePredicate: (fingerprint, name), TfidfNGramCanopyPredicate: (0.6, street)) (PartialIndexTfidfNGramCanopyPredicate: (0.6, name, CorporationName), TfidfNGramCanopyPredicate: (0.6, name))",12623,4.129525469,317,fi-pac/ new york state food industry pac:343703,82661,CORP,3986.256649,6.548443318,dedupe_extension/settings_CORP_ext_3
264,59:25.7,"(SimplePredicate: (commonSixGram, name), SimplePredicate: (sameThreeCharStartPredicate, name)) (PartialIndexLevenshteinCanopyPredicate: (3, name, CorporationName), SimplePredicate: (alphaNumericPredicate, name)) (PartialPredicate: (alphaNumericPredicate, name, CorporationName), TfidfTextCanopyPredicate: (0.6, street)) (SimplePredicate: (commonThreeTokens, city), SimplePredicate: (hundredIntegersOddPredicate, name)) (SimplePredicate: (fingerprint, street), TfidfNGramCanopyPredicate: (0.6, name)) (TfidfNGramCanopyPredicate: (0.8, street), TfidfTextCanopyPredicate: (0.6, name)) (SimplePredicate: (firstIntegerPredicate, name), SimplePredicate: (firstIntegerPredicate, street)) (PartialIndexTfidfTextCanopyPredicate: (0.4, name, CorporationName), TfidfNGramCanopyPredicate: (0.8, street)) (PartialIndexLevenshteinCanopyPredicate: (2, name, CorporationName), TfidfNGramCanopyPredicate: (0.8, name))",11708,4.395456098,283,new tork bankers pac:371071,82661,CORP,3317.652437,7.060215237,dedupe_extension/settings_CORP_ext_2
263,04:07.9,"(SimplePredicate: (commonFourGram, name), SimplePredicate: (sameSevenCharStartPredicate, name)) (SimplePredicate: (alphaNumericPredicate, name), SimplePredicate: (commonTwoTokens, city)) (SimplePredicate: (commonIntegerPredicate, name), TfidfNGramCanopyPredicate: (0.2, name)) (SimplePredicate: (suffixArray, name), SimplePredicate: (wholeFieldPredicate, street)) (SimplePredicate: (firstIntegerPredicate, name), TfidfNGramCanopyPredicate: (0.2, street)) (SimplePredicate: (wholeFieldPredicate, street), TfidfNGramCanopyPredicate: (0.6, name))",12213,4.22697126,147,vote / cope:398260,82661,CORP,2028.966788,6.768279702,dedupe_extension/settings_CORP_ext_1
262,30:18.8,"(PartialIndexLevenshteinCanopyPredicate: (3, city, StreetName), SimplePredicate: (sameSevenCharStartPredicate, name)) (SimplePredicate: (alphaNumericPredicate, name), SimplePredicate: (sameSevenCharStartPredicate, street)) (PartialIndexTfidfNGramCanopyPredicate: (0.6, name, CorporationName), SimplePredicate: (commonIntegerPredicate, name)) (PartialPredicate: (sameSevenCharStartPredicate, city, StreetName), SimplePredicate: (sortedAcronym, name)) (SimplePredicate: (suffixArray, name), TfidfNGramCanopyPredicate: (0.6, street)) (SimplePredicate: (wholeFieldPredicate, street), TfidfTextCanopyPredicate: (0.8, name))",12035,4.172081429,178,n.y.c. campaign finance board:369927,82661,CORP,3069.818975,6.86838388,dedupe_extension/settings_CORP_ext_0
261,38:01.7,"(PartialPredicate: (sameThreeCharStartPredicate, name, CorporationName), SimplePredicate: (commonSixGram, name)) (LevenshteinCanopyPredicate: (1, zip), SimplePredicate: (alphaNumericPredicate, name)) (PartialIndexTfidfNGramCanopyPredicate: (0.2, name, Surname), SimplePredicate: (sortedAcronym, name)) (SimplePredicate: (commonFourGram, name), SimplePredicate: (firstIntegerPredicate, name)) (LevenshteinCanopyPredicate: (1, name), TfidfNGramCanopyPredicate: (0.8, name)) (PartialPredicate: (suffixArray, city, StreetName), SimplePredicate: (twoGramFingerprint, name))",7823,4.09229196,575,fi-pac/ new york state food industry pac:245038,57603,CORP,435.8329332,7.363287741,dedupe_extension/settings_CORP_ext_4
260,30:45.5,"(SimplePredicate: (commonSixGram, name), SimplePredicate: (metaphoneToken, city)) (PartialPredicate: (commonThreeTokens, name, CorporationName), SimplePredicate: (sortedAcronym, name)) (SimplePredicate: (firstIntegerPredicate, name), SimplePredicate: (tokenFieldPredicate, state)) (PartialIndexTfidfTextCanopyPredicate: (0.6, name, Surname), TfidfTextCanopyPredicate: (0.8, name)) (PartialIndexLevenshteinCanopyPredicate: (1, name, Surname), PartialPredicate: (commonSixGram, name, Surname)) (SimplePredicate: (commonIntegerPredicate, street), TfidfNGramCanopyPredicate: (0.8, name)) (SimplePredicate: (fingerprint, name), SimplePredicate: (nearIntegersPredicate, name)) (SimplePredicate: (fingerprint, name), TfidfNGramCanopyPredicate: (0.6, street)) (PartialIndexTfidfNGramCanopyPredicate: (0.6, name, CorporationName), TfidfNGramCanopyPredicate: (0.6, name))",8632,3.936515292,248,fi-pac nys food industry:245036,57603,CORP,3619.713188,6.673192771,dedupe_extension/settings_CORP_ext_3
259,30:25.7,"(SimplePredicate: (commonSixGram, name), SimplePredicate: (sameThreeCharStartPredicate, name)) (PartialIndexLevenshteinCanopyPredicate: (3, name, CorporationName), SimplePredicate: (alphaNumericPredicate, name)) (PartialPredicate: (alphaNumericPredicate, name, CorporationName), TfidfTextCanopyPredicate: (0.6, street)) (SimplePredicate: (commonThreeTokens, city), SimplePredicate: (hundredIntegersOddPredicate, name)) (SimplePredicate: (fingerprint, street), TfidfNGramCanopyPredicate: (0.6, name)) (TfidfNGramCanopyPredicate: (0.8, street), TfidfTextCanopyPredicate: (0.6, name)) (SimplePredicate: (firstIntegerPredicate, name), SimplePredicate: (firstIntegerPredicate, street)) (PartialIndexTfidfTextCanopyPredicate: (0.4, name, CorporationName), TfidfNGramCanopyPredicate: (0.8, street)) (PartialIndexLevenshteinCanopyPredicate: (2, name, CorporationName), TfidfNGramCanopyPredicate: (0.8, name))",8058,4.274758004,980,n.y.s. assoc. of service stations and repair shops:263215,57603,CORP,1292.363245,7.148548027,dedupe_extension/settings_CORP_ext_2
258,08:53.4,"(SimplePredicate: (commonFourGram, name), SimplePredicate: (sameSevenCharStartPredicate, name)) (SimplePredicate: (alphaNumericPredicate, name), SimplePredicate: (commonTwoTokens, city)) (SimplePredicate: (commonIntegerPredicate, name), TfidfNGramCanopyPredicate: (0.2, name)) (SimplePredicate: (suffixArray, name), SimplePredicate: (wholeFieldPredicate, street)) (SimplePredicate: (firstIntegerPredicate, name), TfidfNGramCanopyPredicate: (0.2, street)) (SimplePredicate: (wholeFieldPredicate, street), TfidfNGramCanopyPredicate: (0.6, name))",8414,4.115046351,619,n.y.s. cemeteries p.a.c.:263216,57603,CORP,792.8448153,6.84608985,dedupe_extension/settings_CORP_ext_1
257,55:40.4,"(PartialIndexLevenshteinCanopyPredicate: (3, city, StreetName), SimplePredicate: (sameSevenCharStartPredicate, name)) (SimplePredicate: (alphaNumericPredicate, name), SimplePredicate: (sameSevenCharStartPredicate, street)) (PartialIndexTfidfNGramCanopyPredicate: (0.6, name, CorporationName), SimplePredicate: (commonIntegerPredicate, name)) (PartialPredicate: (sameSevenCharStartPredicate, city, StreetName), SimplePredicate: (sortedAcronym, name)) (SimplePredicate: (suffixArray, name), TfidfNGramCanopyPredicate: (0.6, street)) (SimplePredicate: (wholeFieldPredicate, street), TfidfTextCanopyPredicate: (0.8, name))",8172,4.083455702,630,n.y.s. independent bankers pac:263217,57603,CORP,526.6758897,7.048825257,dedupe_extension/settings_CORP_ext_0
256,46:11.6,"(PartialPredicate: (sameThreeCharStartPredicate, name, CorporationName), SimplePredicate: (commonSixGram, name)) (LevenshteinCanopyPredicate: (1, zip), SimplePredicate: (alphaNumericPredicate, name)) (PartialIndexTfidfNGramCanopyPredicate: (0.2, name, Surname), SimplePredicate: (sortedAcronym, name)) (SimplePredicate: (commonFourGram, name), SimplePredicate: (firstIntegerPredicate, name)) (LevenshteinCanopyPredicate: (1, name), TfidfNGramCanopyPredicate: (0.8, name)) (PartialPredicate: (suffixArray, city, StreetName), SimplePredicate: (twoGramFingerprint, name))",3833,3.812679363,327,fi-pac(new york state food industry pac):133607,30516,CORP,163.3758979,7.961387947,dedupe_extension/settings_CORP_ext_4
255,43:28.1,"(SimplePredicate: (commonSixGram, name), SimplePredicate: (metaphoneToken, city)) (PartialPredicate: (commonThreeTokens, name, CorporationName), SimplePredicate: (sortedAcronym, name)) (SimplePredicate: (firstIntegerPredicate, name), SimplePredicate: (tokenFieldPredicate, state)) (PartialIndexTfidfTextCanopyPredicate: (0.6, name, Surname), TfidfTextCanopyPredicate: (0.8, name)) (PartialIndexLevenshteinCanopyPredicate: (1, name, Surname), PartialPredicate: (commonSixGram, name, Surname)) (SimplePredicate: (commonIntegerPredicate, street), TfidfNGramCanopyPredicate: (0.8, name)) (SimplePredicate: (fingerprint, name), SimplePredicate: (nearIntegersPredicate, name)) (SimplePredicate: (fingerprint, name), TfidfNGramCanopyPredicate: (0.6, street)) (PartialIndexTfidfNGramCanopyPredicate: (0.6, name, CorporationName), TfidfNGramCanopyPredicate: (0.6, name))",4251,3.62973418,131,fi-pac nys food industry pac:133606,30516,CORP,626.0044489,7.178546224,dedupe_extension/settings_CORP_ext_3
254,33:02.1,"(SimplePredicate: (commonSixGram, name), SimplePredicate: (sameThreeCharStartPredicate, name)) (PartialIndexLevenshteinCanopyPredicate: (3, name, CorporationName), SimplePredicate: (alphaNumericPredicate, name)) (PartialPredicate: (alphaNumericPredicate, name, CorporationName), TfidfTextCanopyPredicate: (0.6, street)) (SimplePredicate: (commonThreeTokens, city), SimplePredicate: (hundredIntegersOddPredicate, name)) (SimplePredicate: (fingerprint, street), TfidfNGramCanopyPredicate: (0.6, name)) (TfidfNGramCanopyPredicate: (0.8, street), TfidfTextCanopyPredicate: (0.6, name)) (SimplePredicate: (firstIntegerPredicate, name), SimplePredicate: (firstIntegerPredicate, street)) (PartialIndexTfidfTextCanopyPredicate: (0.4, name, CorporationName), TfidfNGramCanopyPredicate: (0.8, street)) (PartialIndexLevenshteinCanopyPredicate: (2, name, CorporationName), TfidfNGramCanopyPredicate: (0.8, name))",3959,3.976509219,516,n.y.ca.m.p.:143211,30516,CORP,389.0740051,7.708007072,dedupe_extension/settings_CORP_ext_2
253,26:33.0,"(SimplePredicate: (commonFourGram, name), SimplePredicate: (sameSevenCharStartPredicate, name)) (SimplePredicate: (alphaNumericPredicate, name), SimplePredicate: (commonTwoTokens, city)) (SimplePredicate: (commonIntegerPredicate, name), TfidfNGramCanopyPredicate: (0.2, name)) (SimplePredicate: (suffixArray, name), SimplePredicate: (wholeFieldPredicate, street)) (SimplePredicate: (firstIntegerPredicate, name), TfidfNGramCanopyPredicate: (0.2, street)) (SimplePredicate: (wholeFieldPredicate, street), TfidfNGramCanopyPredicate: (0.6, name))",4156,3.834456208,367,n.y.s naral political action committee:143213,30516,CORP,151.384186,7.342637151,dedupe_extension/settings_CORP_ext_1
252,24:01.6,"(PartialIndexLevenshteinCanopyPredicate: (3, city, StreetName), SimplePredicate: (sameSevenCharStartPredicate, name)) (SimplePredicate: (alphaNumericPredicate, name), SimplePredicate: (sameSevenCharStartPredicate, street)) (PartialIndexTfidfNGramCanopyPredicate: (0.6, name, CorporationName), SimplePredicate: (commonIntegerPredicate, name)) (PartialPredicate: (sameSevenCharStartPredicate, city, StreetName), SimplePredicate: (sortedAcronym, name)) (SimplePredicate: (suffixArray, name), TfidfNGramCanopyPredicate: (0.6, street)) (SimplePredicate: (wholeFieldPredicate, street), TfidfTextCanopyPredicate: (0.8, name))",4056,3.78377712,294,"n.y.s. assoc. of pba's pac, inc.:143214",30516,CORP,189.537183,7.523668639,dedupe_extension/settings_CORP_ext_0
36,48:15.8,"(SimplePredicate: (sameSevenCharStartPredicate, name), SimplePredicate: (tokenFieldPredicate, name)) (SimplePredicate: (commonIntegerPredicate, name), TfidfNGramCanopyPredicate: (0.2, street)) (LevenshteinCanopyPredicate: (4, street), SimplePredicate: (commonIntegerPredicate, city)) (TfidfNGramCanopyPredicate: (0.6, name), TfidfNGramCanopyPredicate: (0.6, street)) (SimplePredicate: (suffixArray, name), TfidfNGramCanopyPredicate: (0.6, street))",19162,4.486013986,382,unitemized unitemized:483507,129832,CORP,7250.427141,6.775493164,dedupe_extension/settings_4
35,47:25.4,"(ExistsPredicate: (Exists, city), SimplePredicate: (sameSevenCharStartPredicate, name)) (SimplePredicate: (commonFourGram, name), SimplePredicate: (wholeFieldPredicate, street)) (SimplePredicate: (alphaNumericPredicate, name), SimplePredicate: (sortedAcronym, city)) (SimplePredicate: (sortedAcronym, street), TfidfNGramCanopyPredicate: (0.8, name))",19688,4.392167818,299,unitemized:483508,129832,CORP,1585.336788,6.594473791,dedupe_extension/settings_3
34,21:00.0,"(SimplePredicate: (doubleMetaphone, state), SimplePredicate: (sameSevenCharStartPredicate, name)) (SimplePredicate: (alphaNumericPredicate, name), SimplePredicate: (firstIntegerPredicate, zip)) (SimplePredicate: (doubleMetaphone, name), TfidfNGramCanopyPredicate: (0.6, name)) (SimplePredicate: (commonFourGram, name), SimplePredicate: (wholeFieldPredicate, street)) (SimplePredicate: (firstIntegerPredicate, name), TfidfNGramCanopyPredicate: (0.4, name))",20004,4.304739052,334,unitemized unitemized:483507,129832,CORP,1717.644825,6.49030194,dedupe_extension/settings_2
33,52:22.4,"(SimplePredicate: (sameFiveCharStartPredicate, name), TfidfNGramCanopyPredicate: (0.4, name)) (SimplePredicate: (sameThreeCharStartPredicate, name), SimplePredicate: (wholeFieldPredicate, street)) (SimplePredicate: (twoGramFingerprint, street), TfidfNGramCanopyPredicate: (0.4, name)) (SimplePredicate: (commonThreeTokens, name), TfidfNGramCanopyPredicate: (0.8, street))",20720,3.796862934,331,unitemized unitemized:483507,129832,CORP,474.204515,6.266023166,dedupe_extension/settings_1
32,44:28.2,"(ExistsPredicate: (Exists, zip), SimplePredicate: (sameSevenCharStartPredicate, name)) (SimplePredicate: (commonTwoTokens, name), TfidfTextCanopyPredicate: (0.8, street)) (SimplePredicate: (alphaNumericPredicate, name), TfidfNGramCanopyPredicate: (0.2, street)) (LevenshteinCanopyPredicate: (3, name), SimplePredicate: (firstIntegerPredicate, name)) (SimplePredicate: (wholeFieldPredicate, street), TfidfNGramCanopyPredicate: (0.8, name)) (LevenshteinCanopyPredicate: (4, name), TfidfNGramCanopyPredicate: (0.8, street))",19102,4.491885666,292,unitemized:483508,129832,CORP,9564.475617,6.796775207,dedupe_extension/settings_0
31,01:58.0,"(SimplePredicate: (sameSevenCharStartPredicate, name), SimplePredicate: (tokenFieldPredicate, name)) (SimplePredicate: (commonIntegerPredicate, name), TfidfNGramCanopyPredicate: (0.2, street)) (LevenshteinCanopyPredicate: (4, street), SimplePredicate: (commonIntegerPredicate, city)) (TfidfNGramCanopyPredicate: (0.6, name), TfidfNGramCanopyPredicate: (0.6, street)) (SimplePredicate: (suffixArray, name), TfidfNGramCanopyPredicate: (0.6, street))",15850,4.336719243,320,unitemized unitemized:404309,106745,CORP,4726.857347,6.734700315,dedupe_extension/settings_4
30,43:11.1,"(ExistsPredicate: (Exists, city), SimplePredicate: (sameSevenCharStartPredicate, name)) (SimplePredicate: (commonFourGram, name), SimplePredicate: (wholeFieldPredicate, street)) (SimplePredicate: (alphaNumericPredicate, name), SimplePredicate: (sortedAcronym, city)) (SimplePredicate: (sortedAcronym, street), TfidfNGramCanopyPredicate: (0.8, name))",16092,4.32351479,252,unitemized unitemized:404309,106745,CORP,1812.28296,6.633420333,dedupe_extension/settings_3
29,12:58.8,"(SimplePredicate: (doubleMetaphone, state), SimplePredicate: (sameSevenCharStartPredicate, name)) (SimplePredicate: (alphaNumericPredicate, name), SimplePredicate: (firstIntegerPredicate, zip)) (SimplePredicate: (doubleMetaphone, name), TfidfNGramCanopyPredicate: (0.6, name)) (SimplePredicate: (commonFourGram, name), SimplePredicate: (wholeFieldPredicate, street)) (SimplePredicate: (firstIntegerPredicate, name), TfidfNGramCanopyPredicate: (0.4, name))",16246,4.288686446,278,unitemized unitemized:404309,106745,CORP,1884.292302,6.570540441,dedupe_extension/settings_2
28,41:34.5,"(SimplePredicate: (sameFiveCharStartPredicate, name), TfidfNGramCanopyPredicate: (0.4, name)) (SimplePredicate: (sameThreeCharStartPredicate, name), SimplePredicate: (wholeFieldPredicate, street)) (SimplePredicate: (twoGramFingerprint, street), TfidfNGramCanopyPredicate: (0.4, name)) (SimplePredicate: (commonThreeTokens, name), TfidfNGramCanopyPredicate: (0.8, street))",16838,3.728887041,293,unitemized unitemized:404309,106745,CORP,351.1516581,6.339529635,dedupe_extension/settings_1
27,35:43.3,"(ExistsPredicate: (Exists, zip), SimplePredicate: (sameSevenCharStartPredicate, name)) (SimplePredicate: (commonTwoTokens, name), TfidfTextCanopyPredicate: (0.8, street)) (SimplePredicate: (alphaNumericPredicate, name), TfidfNGramCanopyPredicate: (0.2, street)) (LevenshteinCanopyPredicate: (3, name), SimplePredicate: (firstIntegerPredicate, name)) (SimplePredicate: (wholeFieldPredicate, street), TfidfNGramCanopyPredicate: (0.8, name)) (LevenshteinCanopyPredicate: (4, name), TfidfNGramCanopyPredicate: (0.8, street))",15681,4.379440087,235,unitemized unitemized:404309,106745,CORP,8359.066649,6.807282699,dedupe_extension/settings_0
26,13:42.0,"(SimplePredicate: (sameSevenCharStartPredicate, name), SimplePredicate: (tokenFieldPredicate, name)) (SimplePredicate: (commonIntegerPredicate, name), TfidfNGramCanopyPredicate: (0.2, street)) (LevenshteinCanopyPredicate: (4, street), SimplePredicate: (commonIntegerPredicate, city)) (TfidfNGramCanopyPredicate: (0.6, name), TfidfNGramCanopyPredicate: (0.6, street)) (SimplePredicate: (suffixArray, name), TfidfNGramCanopyPredicate: (0.6, street))",12099,4.189685098,249,unitemized:319282,82661,CORP,5078.115249,6.832052236,dedupe_extension/settings_4
25,49:03.9,"(ExistsPredicate: (Exists, city), SimplePredicate: (sameSevenCharStartPredicate, name)) (SimplePredicate: (commonFourGram, name), SimplePredicate: (wholeFieldPredicate, street)) (SimplePredicate: (alphaNumericPredicate, name), SimplePredicate: (sortedAcronym, city)) (SimplePredicate: (sortedAcronym, street), TfidfNGramCanopyPredicate: (0.8, name))",12236,4.202925793,202,unitemitzed:396626,82661,CORP,2170.559486,6.755557372,dedupe_extension/settings_3
24,12:53.3,"(SimplePredicate: (doubleMetaphone, state), SimplePredicate: (sameSevenCharStartPredicate, name)) (SimplePredicate: (alphaNumericPredicate, name), SimplePredicate: (firstIntegerPredicate, zip)) (SimplePredicate: (doubleMetaphone, name), TfidfNGramCanopyPredicate: (0.6, name)) (SimplePredicate: (commonFourGram, name), SimplePredicate: (wholeFieldPredicate, street)) (SimplePredicate: (firstIntegerPredicate, name), TfidfNGramCanopyPredicate: (0.4, name))",12241,4.207090924,219,unitemized:319282,82661,CORP,1885.442988,6.752797974,dedupe_extension/settings_2
23,41:27.8,"(SimplePredicate: (sameFiveCharStartPredicate, name), TfidfNGramCanopyPredicate: (0.4, name)) (SimplePredicate: (sameThreeCharStartPredicate, name), SimplePredicate: (wholeFieldPredicate, street)) (SimplePredicate: (twoGramFingerprint, street), TfidfNGramCanopyPredicate: (0.4, name)) (SimplePredicate: (commonThreeTokens, name), TfidfNGramCanopyPredicate: (0.8, street))",12981,3.544796241,222,unitemized:319282,82661,CORP,270.6086998,6.367845312,dedupe_extension/settings_1
22,36:57.2,"(ExistsPredicate: (Exists, zip), SimplePredicate: (sameSevenCharStartPredicate, name)) (SimplePredicate: (commonTwoTokens, name), TfidfTextCanopyPredicate: (0.8, street)) (SimplePredicate: (alphaNumericPredicate, name), TfidfNGramCanopyPredicate: (0.2, street)) (LevenshteinCanopyPredicate: (3, name), SimplePredicate: (firstIntegerPredicate, name)) (SimplePredicate: (wholeFieldPredicate, street), TfidfNGramCanopyPredicate: (0.8, name)) (LevenshteinCanopyPredicate: (4, name), TfidfNGramCanopyPredicate: (0.8, street))",12144,4.179018445,196,unitemized:396629,82661,CORP,6591.080133,6.806735837,dedupe_extension/settings_0
21,44:48.7,"(SimplePredicate: (sameSevenCharStartPredicate, name), SimplePredicate: (tokenFieldPredicate, name)) (SimplePredicate: (commonIntegerPredicate, name), TfidfNGramCanopyPredicate: (0.2, street)) (LevenshteinCanopyPredicate: (4, street), SimplePredicate: (commonIntegerPredicate, city)) (TfidfNGramCanopyPredicate: (0.6, name), TfidfNGramCanopyPredicate: (0.6, street)) (SimplePredicate: (suffixArray, name), TfidfNGramCanopyPredicate: (0.6, street))",8286,3.949312093,199,unitemized unitemized:227955,57603,CORP,2512.465557,6.951846488,dedupe_extension/settings_4
20,02:56.2,"(ExistsPredicate: (Exists, city), SimplePredicate: (sameSevenCharStartPredicate, name)) (SimplePredicate: (commonFourGram, name), SimplePredicate: (wholeFieldPredicate, street)) (SimplePredicate: (alphaNumericPredicate, name), SimplePredicate: (sortedAcronym, city)) (SimplePredicate: (sortedAcronym, street), TfidfNGramCanopyPredicate: (0.8, name))",8355,3.981448235,157,unitemized:281959,57603,CORP,823.2069802,6.89443447,dedupe_extension/settings_3
19,49:13.0,"(SimplePredicate: (doubleMetaphone, state), SimplePredicate: (sameSevenCharStartPredicate, name)) (SimplePredicate: (alphaNumericPredicate, name), SimplePredicate: (firstIntegerPredicate, zip)) (SimplePredicate: (doubleMetaphone, name), TfidfNGramCanopyPredicate: (0.6, name)) (SimplePredicate: (commonFourGram, name), SimplePredicate: (wholeFieldPredicate, street)) (SimplePredicate: (firstIntegerPredicate, name), TfidfNGramCanopyPredicate: (0.4, name))",8306,4.008668432,172,unitemized unitemized:227955,57603,CORP,753.9021609,6.935107151,dedupe_extension/settings_2
18,36:39.1,"(SimplePredicate: (sameFiveCharStartPredicate, name), TfidfNGramCanopyPredicate: (0.4, name)) (SimplePredicate: (sameThreeCharStartPredicate, name), SimplePredicate: (wholeFieldPredicate, street)) (SimplePredicate: (twoGramFingerprint, street), TfidfNGramCanopyPredicate: (0.4, name)) (SimplePredicate: (commonThreeTokens, name), TfidfNGramCanopyPredicate: (0.8, street))",8635,3.422698321,171,unitemized unitemized:227955,57603,CORP,143.2049811,6.670874349,dedupe_extension/settings_1
17,34:15.9,"(ExistsPredicate: (Exists, zip), SimplePredicate: (sameSevenCharStartPredicate, name)) (SimplePredicate: (commonTwoTokens, name), TfidfTextCanopyPredicate: (0.8, street)) (SimplePredicate: (alphaNumericPredicate, name), TfidfNGramCanopyPredicate: (0.2, street)) (LevenshteinCanopyPredicate: (3, name), SimplePredicate: (firstIntegerPredicate, name)) (SimplePredicate: (wholeFieldPredicate, street), TfidfNGramCanopyPredicate: (0.8, name)) (LevenshteinCanopyPredicate: (4, name), TfidfNGramCanopyPredicate: (0.8, street))",8275,3.959033233,141,unitemized:281958,57603,CORP,3367.898362,6.961087613,dedupe_extension/settings_0
16,36:05.0,"(SimplePredicate: (sameSevenCharStartPredicate, name), SimplePredicate: (tokenFieldPredicate, name)) (SimplePredicate: (commonIntegerPredicate, name), TfidfNGramCanopyPredicate: (0.2, street)) (LevenshteinCanopyPredicate: (4, street), SimplePredicate: (commonIntegerPredicate, city)) (TfidfNGramCanopyPredicate: (0.6, name), TfidfNGramCanopyPredicate: (0.6, street)) (SimplePredicate: (suffixArray, name), TfidfNGramCanopyPredicate: (0.6, street))",4108,3.634615385,97,unitemized:124539,30516,CORP,1008.662108,7.428432327,dedupe_extension/settings_4
15,19:16.3,"(ExistsPredicate: (Exists, city), SimplePredicate: (sameSevenCharStartPredicate, name)) (SimplePredicate: (commonFourGram, name), SimplePredicate: (wholeFieldPredicate, street)) (SimplePredicate: (alphaNumericPredicate, name), SimplePredicate: (sortedAcronym, city)) (SimplePredicate: (sortedAcronym, street), TfidfNGramCanopyPredicate: (0.8, name))",4172,3.652684564,75,unitemized:124539,30516,CORP,110.3461182,7.314477469,dedupe_extension/settings_3
14,17:25.9,"(SimplePredicate: (doubleMetaphone, state), SimplePredicate: (sameSevenCharStartPredicate, name)) (SimplePredicate: (alphaNumericPredicate, name), SimplePredicate: (firstIntegerPredicate, zip)) (SimplePredicate: (doubleMetaphone, name), TfidfNGramCanopyPredicate: (0.6, name)) (SimplePredicate: (commonFourGram, name), SimplePredicate: (wholeFieldPredicate, street)) (SimplePredicate: (firstIntegerPredicate, name), TfidfNGramCanopyPredicate: (0.4, name))",4189,3.645261399,83,unitemized:124539,30516,CORP,114.4529328,7.284793507,dedupe_extension/settings_2
13,15:31.5,"(SimplePredicate: (sameFiveCharStartPredicate, name), TfidfNGramCanopyPredicate: (0.4, name)) (SimplePredicate: (sameThreeCharStartPredicate, name), SimplePredicate: (wholeFieldPredicate, street)) (SimplePredicate: (twoGramFingerprint, street), TfidfNGramCanopyPredicate: (0.4, name)) (SimplePredicate: (commonThreeTokens, name), TfidfNGramCanopyPredicate: (0.8, street))",4135,3.21789601,92,unitemized:124539,30516,CORP,60.67394996,7.379927449,dedupe_extension/settings_1
12,14:30.8,"(ExistsPredicate: (Exists, zip), SimplePredicate: (sameSevenCharStartPredicate, name)) (SimplePredicate: (commonTwoTokens, name), TfidfTextCanopyPredicate: (0.8, street)) (SimplePredicate: (alphaNumericPredicate, name), TfidfNGramCanopyPredicate: (0.2, street)) (LevenshteinCanopyPredicate: (3, name), SimplePredicate: (firstIntegerPredicate, name)) (SimplePredicate: (wholeFieldPredicate, street), TfidfNGramCanopyPredicate: (0.8, name)) (LevenshteinCanopyPredicate: (4, name), TfidfNGramCanopyPredicate: (0.8, street))",4094,3.645334636,73,unitemized:124539,30516,CORP,1204.672363,7.45383488,dedupe_extension/settings_0