run_id,completed,predicates,total_clusters,avg_cluster_size,biggest_cluster_size,biggest_cluster,total_donors,donor_type,total_run_time,donor_cluster_ratio,settings_file
2,44:40.9,"(SimplePredicate: (sameFiveCharStartPredicate, name), TfidfNGramCanopyPredicate: (0.4, name)) (SimplePredicate: (sameThreeCharStartPredicate, name), SimplePredicate: (wholeFieldPredicate, street)) (SimplePredicate: (twoGramFingerprint, street), TfidfNGramCanopyPredicate: (0.4, name)) (SimplePredicate: (commonThreeTokens, name), TfidfNGramCanopyPredicate: (0.8, street))",1928,2.973547718,51,unitemized:66057,15870,CORP,26.35897398,8.231327801,
3,52:05.6,"(SimplePredicate: (sameFiveCharStartPredicate, name), TfidfNGramCanopyPredicate: (0.4, name)) (SimplePredicate: (sameThreeCharStartPredicate, name), SimplePredicate: (wholeFieldPredicate, street)) (SimplePredicate: (twoGramFingerprint, street), TfidfNGramCanopyPredicate: (0.4, name)) (SimplePredicate: (commonThreeTokens, name), TfidfNGramCanopyPredicate: (0.8, street))",1928,2.973547718,51,unitemized:66057,15870,CORP,27.5522213,8.231327801,
4,04:51.8,"(SimplePredicate: (sameFiveCharStartPredicate, name), TfidfNGramCanopyPredicate: (0.4, name)) (SimplePredicate: (sameThreeCharStartPredicate, name), SimplePredicate: (wholeFieldPredicate, street)) (SimplePredicate: (twoGramFingerprint, street), TfidfNGramCanopyPredicate: (0.4, name)) (SimplePredicate: (commonThreeTokens, name), TfidfNGramCanopyPredicate: (0.8, street))",1928,2.973547718,51,unitemized:66057,15870,CORP,26.05207396,8.231327801,
5,05:23.7,"(SimplePredicate: (sameFiveCharStartPredicate, name), TfidfNGramCanopyPredicate: (0.4, name)) (SimplePredicate: (sameThreeCharStartPredicate, name), SimplePredicate: (wholeFieldPredicate, street)) (SimplePredicate: (twoGramFingerprint, street), TfidfNGramCanopyPredicate: (0.4, name)) (SimplePredicate: (commonThreeTokens, name), TfidfNGramCanopyPredicate: (0.8, street))",1928,2.973547718,51,unitemized:66057,15870,CORP,25.68317199,8.231327801,
6,17:23.5,"(ExistsPredicate: (Exists, zip), SimplePredicate: (sameSevenCharStartPredicate, name)) (SimplePredicate: (commonTwoTokens, name), TfidfTextCanopyPredicate: (0.8, street)) (SimplePredicate: (alphaNumericPredicate, name), TfidfNGramCanopyPredicate: (0.2, street)) (LevenshteinCanopyPredicate: (3, name), SimplePredicate: (firstIntegerPredicate, name)) (SimplePredicate: (wholeFieldPredicate, street), TfidfNGramCanopyPredicate: (0.8, name)) (LevenshteinCanopyPredicate: (4, name), TfidfNGramCanopyPredicate: (0.8, street))",1955,3.322762148,42,unitemized:80898,15870,CORP,557.3897491,8.117647059,
7,56:57.0,"(SimplePredicate: (commonFourGram, name), SimplePredicate: (commonIntegerPredicate, name)) (SimplePredicate: (fingerprint, name), SimplePredicate: (metaphoneToken, state)) (SimplePredicate: (sameSevenCharStartPredicate, zip), TfidfNGramCanopyPredicate: (0.6, name)) (SimplePredicate: (commonTwoTokens, city), TfidfNGramCanopyPredicate: (0.8, street))",1531,2.938602221,43,unitemized:80898,15870,CORP,27.49437881,10.365774,
8,30:37.2,"(SimplePredicate: (doubleMetaphone, state), SimplePredicate: (sameSevenCharStartPredicate, name)) (SimplePredicate: (alphaNumericPredicate, name), SimplePredicate: (firstIntegerPredicate, zip)) (SimplePredicate: (doubleMetaphone, name), TfidfNGramCanopyPredicate: (0.6, name)) (SimplePredicate: (commonFourGram, name), SimplePredicate: (wholeFieldPredicate, street)) (SimplePredicate: (firstIntegerPredicate, name), TfidfNGramCanopyPredicate: (0.4, name))",1973,3.358337557,53,friends of assemblyman tedisco:71158,15870,CORP,1902.834142,8.043588444,
9,10:48.8,"(ExistsPredicate: (Exists, city), SimplePredicate: (sameSevenCharStartPredicate, name)) (SimplePredicate: (commonFourGram, name), SimplePredicate: (wholeFieldPredicate, street)) (SimplePredicate: (alphaNumericPredicate, name), SimplePredicate: (sortedAcronym, city)) (SimplePredicate: (sortedAcronym, street), TfidfNGramCanopyPredicate: (0.8, name))",4209,3.63459254,81,unitemized:152684,30498,CORP,1586.045412,7.245901639,
10,04:01.6,"(ExistsPredicate: (Exists, city), SimplePredicate: (sameSevenCharStartPredicate, name)) (SimplePredicate: (commonFourGram, name), SimplePredicate: (wholeFieldPredicate, street)) (SimplePredicate: (alphaNumericPredicate, name), SimplePredicate: (sortedAcronym, city)) (SimplePredicate: (sortedAcronym, street), TfidfNGramCanopyPredicate: (0.8, name))",10272,4.105529595,184,unitemized,70400,CORP,,6.853582555,
11,52:09.7,"(SimplePredicate: (sameSevenCharStartPredicate, name), SimplePredicate: (tokenFieldPredicate, name)) (SimplePredicate: (commonIntegerPredicate, name), TfidfNGramCanopyPredicate: (0.2, street)) (LevenshteinCanopyPredicate: (4, street), SimplePredicate: (commonIntegerPredicate, city)) (TfidfNGramCanopyPredicate: (0.6, name), TfidfNGramCanopyPredicate: (0.6, street)) (SimplePredicate: (suffixArray, name), TfidfNGramCanopyPredicate: (0.6, street))",4152,3.611512524,114,unitemized unitemized:124639,30526,CORP,2677.995577,7.352119461,
12,14:30.8,"(ExistsPredicate: (Exists, zip), SimplePredicate: (sameSevenCharStartPredicate, name)) (SimplePredicate: (commonTwoTokens, name), TfidfTextCanopyPredicate: (0.8, street)) (SimplePredicate: (alphaNumericPredicate, name), TfidfNGramCanopyPredicate: (0.2, street)) (LevenshteinCanopyPredicate: (3, name), SimplePredicate: (firstIntegerPredicate, name)) (SimplePredicate: (wholeFieldPredicate, street), TfidfNGramCanopyPredicate: (0.8, name)) (LevenshteinCanopyPredicate: (4, name), TfidfNGramCanopyPredicate: (0.8, street))",4094,3.645334636,73,unitemized:124539,30516,CORP,1204.672363,7.45383488,dedupe_extension/settings_0
13,15:31.5,"(SimplePredicate: (sameFiveCharStartPredicate, name), TfidfNGramCanopyPredicate: (0.4, name)) (SimplePredicate: (sameThreeCharStartPredicate, name), SimplePredicate: (wholeFieldPredicate, street)) (SimplePredicate: (twoGramFingerprint, street), TfidfNGramCanopyPredicate: (0.4, name)) (SimplePredicate: (commonThreeTokens, name), TfidfNGramCanopyPredicate: (0.8, street))",4135,3.21789601,92,unitemized:124539,30516,CORP,60.67394996,7.379927449,dedupe_extension/settings_1
14,17:25.9,"(SimplePredicate: (doubleMetaphone, state), SimplePredicate: (sameSevenCharStartPredicate, name)) (SimplePredicate: (alphaNumericPredicate, name), SimplePredicate: (firstIntegerPredicate, zip)) (SimplePredicate: (doubleMetaphone, name), TfidfNGramCanopyPredicate: (0.6, name)) (SimplePredicate: (commonFourGram, name), SimplePredicate: (wholeFieldPredicate, street)) (SimplePredicate: (firstIntegerPredicate, name), TfidfNGramCanopyPredicate: (0.4, name))",4189,3.645261399,83,unitemized:124539,30516,CORP,114.4529328,7.284793507,dedupe_extension/settings_2
15,19:16.3,"(ExistsPredicate: (Exists, city), SimplePredicate: (sameSevenCharStartPredicate, name)) (SimplePredicate: (commonFourGram, name), SimplePredicate: (wholeFieldPredicate, street)) (SimplePredicate: (alphaNumericPredicate, name), SimplePredicate: (sortedAcronym, city)) (SimplePredicate: (sortedAcronym, street), TfidfNGramCanopyPredicate: (0.8, name))",4172,3.652684564,75,unitemized:124539,30516,CORP,110.3461182,7.314477469,dedupe_extension/settings_3
16,36:05.0,"(SimplePredicate: (sameSevenCharStartPredicate, name), SimplePredicate: (tokenFieldPredicate, name)) (SimplePredicate: (commonIntegerPredicate, name), TfidfNGramCanopyPredicate: (0.2, street)) (LevenshteinCanopyPredicate: (4, street), SimplePredicate: (commonIntegerPredicate, city)) (TfidfNGramCanopyPredicate: (0.6, name), TfidfNGramCanopyPredicate: (0.6, street)) (SimplePredicate: (suffixArray, name), TfidfNGramCanopyPredicate: (0.6, street))",4108,3.634615385,97,unitemized:124539,30516,CORP,1008.662108,7.428432327,dedupe_extension/settings_4
17,34:15.9,"(ExistsPredicate: (Exists, zip), SimplePredicate: (sameSevenCharStartPredicate, name)) (SimplePredicate: (commonTwoTokens, name), TfidfTextCanopyPredicate: (0.8, street)) (SimplePredicate: (alphaNumericPredicate, name), TfidfNGramCanopyPredicate: (0.2, street)) (LevenshteinCanopyPredicate: (3, name), SimplePredicate: (firstIntegerPredicate, name)) (SimplePredicate: (wholeFieldPredicate, street), TfidfNGramCanopyPredicate: (0.8, name)) (LevenshteinCanopyPredicate: (4, name), TfidfNGramCanopyPredicate: (0.8, street))",8275,3.959033233,141,unitemized:281958,57603,CORP,3367.898362,6.961087613,dedupe_extension/settings_0
18,36:39.1,"(SimplePredicate: (sameFiveCharStartPredicate, name), TfidfNGramCanopyPredicate: (0.4, name)) (SimplePredicate: (sameThreeCharStartPredicate, name), SimplePredicate: (wholeFieldPredicate, street)) (SimplePredicate: (twoGramFingerprint, street), TfidfNGramCanopyPredicate: (0.4, name)) (SimplePredicate: (commonThreeTokens, name), TfidfNGramCanopyPredicate: (0.8, street))",8635,3.422698321,171,unitemized unitemized:227955,57603,CORP,143.2049811,6.670874349,dedupe_extension/settings_1
19,49:13.0,"(SimplePredicate: (doubleMetaphone, state), SimplePredicate: (sameSevenCharStartPredicate, name)) (SimplePredicate: (alphaNumericPredicate, name), SimplePredicate: (firstIntegerPredicate, zip)) (SimplePredicate: (doubleMetaphone, name), TfidfNGramCanopyPredicate: (0.6, name)) (SimplePredicate: (commonFourGram, name), SimplePredicate: (wholeFieldPredicate, street)) (SimplePredicate: (firstIntegerPredicate, name), TfidfNGramCanopyPredicate: (0.4, name))",8306,4.008668432,172,unitemized unitemized:227955,57603,CORP,753.9021609,6.935107151,dedupe_extension/settings_2
20,02:56.2,"(ExistsPredicate: (Exists, city), SimplePredicate: (sameSevenCharStartPredicate, name)) (SimplePredicate: (commonFourGram, name), SimplePredicate: (wholeFieldPredicate, street)) (SimplePredicate: (alphaNumericPredicate, name), SimplePredicate: (sortedAcronym, city)) (SimplePredicate: (sortedAcronym, street), TfidfNGramCanopyPredicate: (0.8, name))",8355,3.981448235,157,unitemized:281959,57603,CORP,823.2069802,6.89443447,dedupe_extension/settings_3
21,44:48.7,"(SimplePredicate: (sameSevenCharStartPredicate, name), SimplePredicate: (tokenFieldPredicate, name)) (SimplePredicate: (commonIntegerPredicate, name), TfidfNGramCanopyPredicate: (0.2, street)) (LevenshteinCanopyPredicate: (4, street), SimplePredicate: (commonIntegerPredicate, city)) (TfidfNGramCanopyPredicate: (0.6, name), TfidfNGramCanopyPredicate: (0.6, street)) (SimplePredicate: (suffixArray, name), TfidfNGramCanopyPredicate: (0.6, street))",8286,3.949312093,199,unitemized unitemized:227955,57603,CORP,2512.465557,6.951846488,dedupe_extension/settings_4
22,36:57.2,"(ExistsPredicate: (Exists, zip), SimplePredicate: (sameSevenCharStartPredicate, name)) (SimplePredicate: (commonTwoTokens, name), TfidfTextCanopyPredicate: (0.8, street)) (SimplePredicate: (alphaNumericPredicate, name), TfidfNGramCanopyPredicate: (0.2, street)) (LevenshteinCanopyPredicate: (3, name), SimplePredicate: (firstIntegerPredicate, name)) (SimplePredicate: (wholeFieldPredicate, street), TfidfNGramCanopyPredicate: (0.8, name)) (LevenshteinCanopyPredicate: (4, name), TfidfNGramCanopyPredicate: (0.8, street))",12144,4.179018445,196,unitemized:396629,82661,CORP,6591.080133,6.806735837,dedupe_extension/settings_0
23,41:27.8,"(SimplePredicate: (sameFiveCharStartPredicate, name), TfidfNGramCanopyPredicate: (0.4, name)) (SimplePredicate: (sameThreeCharStartPredicate, name), SimplePredicate: (wholeFieldPredicate, street)) (SimplePredicate: (twoGramFingerprint, street), TfidfNGramCanopyPredicate: (0.4, name)) (SimplePredicate: (commonThreeTokens, name), TfidfNGramCanopyPredicate: (0.8, street))",12981,3.544796241,222,unitemized:319282,82661,CORP,270.6086998,6.367845312,dedupe_extension/settings_1
24,12:53.3,"(SimplePredicate: (doubleMetaphone, state), SimplePredicate: (sameSevenCharStartPredicate, name)) (SimplePredicate: (alphaNumericPredicate, name), SimplePredicate: (firstIntegerPredicate, zip)) (SimplePredicate: (doubleMetaphone, name), TfidfNGramCanopyPredicate: (0.6, name)) (SimplePredicate: (commonFourGram, name), SimplePredicate: (wholeFieldPredicate, street)) (SimplePredicate: (firstIntegerPredicate, name), TfidfNGramCanopyPredicate: (0.4, name))",12241,4.207090924,219,unitemized:319282,82661,CORP,1885.442988,6.752797974,dedupe_extension/settings_2
25,49:03.9,"(ExistsPredicate: (Exists, city), SimplePredicate: (sameSevenCharStartPredicate, name)) (SimplePredicate: (commonFourGram, name), SimplePredicate: (wholeFieldPredicate, street)) (SimplePredicate: (alphaNumericPredicate, name), SimplePredicate: (sortedAcronym, city)) (SimplePredicate: (sortedAcronym, street), TfidfNGramCanopyPredicate: (0.8, name))",12236,4.202925793,202,unitemitzed:396626,82661,CORP,2170.559486,6.755557372,dedupe_extension/settings_3
26,13:42.0,"(SimplePredicate: (sameSevenCharStartPredicate, name), SimplePredicate: (tokenFieldPredicate, name)) (SimplePredicate: (commonIntegerPredicate, name), TfidfNGramCanopyPredicate: (0.2, street)) (LevenshteinCanopyPredicate: (4, street), SimplePredicate: (commonIntegerPredicate, city)) (TfidfNGramCanopyPredicate: (0.6, name), TfidfNGramCanopyPredicate: (0.6, street)) (SimplePredicate: (suffixArray, name), TfidfNGramCanopyPredicate: (0.6, street))",12099,4.189685098,249,unitemized:319282,82661,CORP,5078.115249,6.832052236,dedupe_extension/settings_4
27,35:43.3,"(ExistsPredicate: (Exists, zip), SimplePredicate: (sameSevenCharStartPredicate, name)) (SimplePredicate: (commonTwoTokens, name), TfidfTextCanopyPredicate: (0.8, street)) (SimplePredicate: (alphaNumericPredicate, name), TfidfNGramCanopyPredicate: (0.2, street)) (LevenshteinCanopyPredicate: (3, name), SimplePredicate: (firstIntegerPredicate, name)) (SimplePredicate: (wholeFieldPredicate, street), TfidfNGramCanopyPredicate: (0.8, name)) (LevenshteinCanopyPredicate: (4, name), TfidfNGramCanopyPredicate: (0.8, street))",15681,4.379440087,235,unitemized unitemized:404309,106745,CORP,8359.066649,6.807282699,dedupe_extension/settings_0
28,41:34.5,"(SimplePredicate: (sameFiveCharStartPredicate, name), TfidfNGramCanopyPredicate: (0.4, name)) (SimplePredicate: (sameThreeCharStartPredicate, name), SimplePredicate: (wholeFieldPredicate, street)) (SimplePredicate: (twoGramFingerprint, street), TfidfNGramCanopyPredicate: (0.4, name)) (SimplePredicate: (commonThreeTokens, name), TfidfNGramCanopyPredicate: (0.8, street))",16838,3.728887041,293,unitemized unitemized:404309,106745,CORP,351.1516581,6.339529635,dedupe_extension/settings_1
29,12:58.8,"(SimplePredicate: (doubleMetaphone, state), SimplePredicate: (sameSevenCharStartPredicate, name)) (SimplePredicate: (alphaNumericPredicate, name), SimplePredicate: (firstIntegerPredicate, zip)) (SimplePredicate: (doubleMetaphone, name), TfidfNGramCanopyPredicate: (0.6, name)) (SimplePredicate: (commonFourGram, name), SimplePredicate: (wholeFieldPredicate, street)) (SimplePredicate: (firstIntegerPredicate, name), TfidfNGramCanopyPredicate: (0.4, name))",16246,4.288686446,278,unitemized unitemized:404309,106745,CORP,1884.292302,6.570540441,dedupe_extension/settings_2
30,43:11.1,"(ExistsPredicate: (Exists, city), SimplePredicate: (sameSevenCharStartPredicate, name)) (SimplePredicate: (commonFourGram, name), SimplePredicate: (wholeFieldPredicate, street)) (SimplePredicate: (alphaNumericPredicate, name), SimplePredicate: (sortedAcronym, city)) (SimplePredicate: (sortedAcronym, street), TfidfNGramCanopyPredicate: (0.8, name))",16092,4.32351479,252,unitemized unitemized:404309,106745,CORP,1812.28296,6.633420333,dedupe_extension/settings_3
31,01:58.0,"(SimplePredicate: (sameSevenCharStartPredicate, name), SimplePredicate: (tokenFieldPredicate, name)) (SimplePredicate: (commonIntegerPredicate, name), TfidfNGramCanopyPredicate: (0.2, street)) (LevenshteinCanopyPredicate: (4, street), SimplePredicate: (commonIntegerPredicate, city)) (TfidfNGramCanopyPredicate: (0.6, name), TfidfNGramCanopyPredicate: (0.6, street)) (SimplePredicate: (suffixArray, name), TfidfNGramCanopyPredicate: (0.6, street))",15850,4.336719243,320,unitemized unitemized:404309,106745,CORP,4726.857347,6.734700315,dedupe_extension/settings_4
32,44:28.2,"(ExistsPredicate: (Exists, zip), SimplePredicate: (sameSevenCharStartPredicate, name)) (SimplePredicate: (commonTwoTokens, name), TfidfTextCanopyPredicate: (0.8, street)) (SimplePredicate: (alphaNumericPredicate, name), TfidfNGramCanopyPredicate: (0.2, street)) (LevenshteinCanopyPredicate: (3, name), SimplePredicate: (firstIntegerPredicate, name)) (SimplePredicate: (wholeFieldPredicate, street), TfidfNGramCanopyPredicate: (0.8, name)) (LevenshteinCanopyPredicate: (4, name), TfidfNGramCanopyPredicate: (0.8, street))",19102,4.491885666,292,unitemized:483508,129832,CORP,9564.475617,6.796775207,dedupe_extension/settings_0
33,52:22.4,"(SimplePredicate: (sameFiveCharStartPredicate, name), TfidfNGramCanopyPredicate: (0.4, name)) (SimplePredicate: (sameThreeCharStartPredicate, name), SimplePredicate: (wholeFieldPredicate, street)) (SimplePredicate: (twoGramFingerprint, street), TfidfNGramCanopyPredicate: (0.4, name)) (SimplePredicate: (commonThreeTokens, name), TfidfNGramCanopyPredicate: (0.8, street))",20720,3.796862934,331,unitemized unitemized:483507,129832,CORP,474.204515,6.266023166,dedupe_extension/settings_1
34,21:00.0,"(SimplePredicate: (doubleMetaphone, state), SimplePredicate: (sameSevenCharStartPredicate, name)) (SimplePredicate: (alphaNumericPredicate, name), SimplePredicate: (firstIntegerPredicate, zip)) (SimplePredicate: (doubleMetaphone, name), TfidfNGramCanopyPredicate: (0.6, name)) (SimplePredicate: (commonFourGram, name), SimplePredicate: (wholeFieldPredicate, street)) (SimplePredicate: (firstIntegerPredicate, name), TfidfNGramCanopyPredicate: (0.4, name))",20004,4.304739052,334,unitemized unitemized:483507,129832,CORP,1717.644825,6.49030194,dedupe_extension/settings_2
35,47:25.4,"(ExistsPredicate: (Exists, city), SimplePredicate: (sameSevenCharStartPredicate, name)) (SimplePredicate: (commonFourGram, name), SimplePredicate: (wholeFieldPredicate, street)) (SimplePredicate: (alphaNumericPredicate, name), SimplePredicate: (sortedAcronym, city)) (SimplePredicate: (sortedAcronym, street), TfidfNGramCanopyPredicate: (0.8, name))",19688,4.392167818,299,unitemized:483508,129832,CORP,1585.336788,6.594473791,dedupe_extension/settings_3
36,48:15.8,"(SimplePredicate: (sameSevenCharStartPredicate, name), SimplePredicate: (tokenFieldPredicate, name)) (SimplePredicate: (commonIntegerPredicate, name), TfidfNGramCanopyPredicate: (0.2, street)) (LevenshteinCanopyPredicate: (4, street), SimplePredicate: (commonIntegerPredicate, city)) (TfidfNGramCanopyPredicate: (0.6, name), TfidfNGramCanopyPredicate: (0.6, street)) (SimplePredicate: (suffixArray, name), TfidfNGramCanopyPredicate: (0.6, street))",19162,4.486013986,382,unitemized unitemized:483507,129832,CORP,7250.427141,6.775493164,dedupe_extension/settings_4